<?xml version="1.0" encoding="utf-8"?>
<!DOCTYPE hibernate-configuration PUBLIC
"-//Hibernate/Hibernate Configuration DTD 3.0//EN"
"http://www.hibernate.org/dtd/hibernate-configuration-3.0.dtd">

<hibernate-configuration>
	<session-factory>
	 	<property name="hibernate.connection.driver_class">com.mysql.jdbc.Driver</property>
		<property name="hibernate.connection.url">jdbc:mysql://localhost:3306/hbtest1</property>
		<property name="hibernate.connection.username">root</property>
		<property name="hibernate.connection.password">root</property>
		<property name="hibernate.dialect">org.hibernate.dialect.MySQL5Dialect</property>
		<property name="hibernate.hbm2ddl.auto">update</property>
		
		<!-- <property name="hibernate.cache.use_second_level_cache">true</property>
		<property name="hibernate.cache.region.factory_class">net.sf.ehcache.hibernate.EhCacheRegionFactory</property> 
		<property name="net.sf.ehcache.configurationResourceName">/ehcache.xml</property> -->
		
		<!-- <property name="hibernate.cache.provider_class">org.hibernate.cache.EhCacheProvider</property> -->
		
		<property name="show_sql">true</property>
		<property name="format_sql">true</property>
		<mapping class="com.sample.model.Customer" />
		<mapping class="com.sample.model.CustomerOrder" />
		<mapping class="com.sample.model.OrderLineItem" />
		<mapping class="com.sample.model.Item" />
		<mapping class="com.sample.model.Student" />
		<mapping class="com.sample.model.Course" />
		<mapping class="com.sample.model.Country" />
		<mapping class="com.sample.model.ItemCountry" />
		<mapping class="com.sample.model.Time" />
		<mapping class="com.sample.model.Person" />
		<mapping class="com.sample.model.Employee" />
		
	</session-factory>
</hibernate-configuration>